symbol,open_time,open,high,low,close,volume,close_time,quote_volume,trades_count
BCHUSDT,1574935200000,220.08,224.6,212.02,218.98,1329.50718,1574938799999,290837.0878412,563
BCHUSDT,1574938800000,218.98,219.4,218.12,219.04,511.87305,1574942399999,111954.9733248,262
BCHUSDT,1574942400000,219.04,219.05,216.57,217.53,781.62961,1574945999999,170180.5688616,342
BCHUSDT,1574946000000,217.55,218.78,217.54,218.29,461.33172,1574949599999,100630.9172049,256
BCHUSDT,1574949600000,218.0,219.0,217.45,218.67,600.0681,1574953199999,130955.82261,395
BCHUSDT,1574953200000,218.35,222.3,218.24,221.39,1636.16611,1574956799999,361499.4268522,980
BCHUSDT,1574956800000,221.4,221.41,219.27,220.53,871.6986,1574960399999,192007.8912382,517
BCHUSDT,1574960400000,220.54,220.67,219.66,219.87,334.87994,1574963999999,73672.0841828,261
BCHUSDT,1574964000000,219.67,220.28,219.0,219.76,487.83467,1574967599999,107217.6782102,335
BCHUSDT,1574967600000,219.76,221.0,219.62,220.96,537.44102,1574971199999,118441.5624204,226
BCHUSDT,1574971200000,220.87,221.0,218.45,218.99,1040.61282,1574974799999,228164.6421719,460
BCHUSDT,1574974800000,218.84,218.96,216.75,218.72,836.84586,1574978399999,182401.9137678,511
BCHUSDT,1574978400000,218.6,220.0,216.36,216.99,1360.53836,1574981999999,296363.2361417,657
BCHUSDT,1574982000000,217.08,218.51,215.96,217.41,766.37382,1574985599999,166571.8843323,509
BCHUSDT,1574985600000,217.4,218.94,216.9,218.48,736.19986,1574989199999,160566.3618061,394
BCHUSDT,1574989200000,218.49,218.79,217.5,218.37,400.45583,1574992799999,87415.2194949,226
BCHUSDT,1574992800000,218.16,218.83,217.94,218.32,352.80365,1574996399999,77079.4726588,308
BCHUSDT,1574996400000,218.34,220.73,218.34,220.18,1979.6391,1574999999999,435597.0656332,900
BCHUSDT,1575000000000,220.35,220.49,219.7,219.76,1526.20977,1575003599999,335724.3463457,337
BCHUSDT,1575003600000,219.67,219.93,218.67,219.34,337.76488,1575007199999,74080.6508727,239
BCHUSDT,1575007200000,219.45,219.52,218.4,219.36,661.19172,1575010799999,144642.8021476,296
BCHUSDT,1575010800000,219.55,221.87,219.55,221.52,2842.49438,1575014399999,627657.1259815,869
BCHUSDT,1575014400000,221.36,222.94,220.47,221.99,2808.57005,1575017999999,623291.9360051,1599
BCHUSDT,1575018000000,222.01,226.0,221.98,224.96,4638.48964,1575021599999,1040804.6270537,2201
BCHUSDT,1575021600000,225.01,225.84,223.51,224.21,1611.64973,1575025199999,362051.764481,1028
BCHUSDT,1575025200000,224.15,225.87,223.4,224.09,2056.31481,1575028799999,462195.7617822,1112
BCHUSDT,1575028800000,224.09,225.55,220.38,224.49,6381.80534,1575032399999,1425193.6971995,3246
BCHUSDT,1575032400000,224.48,226.49,223.0,225.03,6714.39709,1575035999999,1510225.7711364,2712
BCHUSDT,1575036000000,225.17,226.0,224.0,225.26,3504.16267,1575039599999,788395.5034227,1838
BCHUSDT,1575039600000,225.36,226.09,224.52,225.81,2390.19487,1575043199999,538421.1183688,1197
BCHUSDT,1575043200000,225.9,226.34,223.5,224.48,1354.82218,1575046799999,304249.5674577,1036
BCHUSDT,1575046800000,224.52,225.11,223.86,224.36,2844.59139,1575050399999,638182.4352471,634
BCHUSDT,1575050400000,224.36,224.85,224.03,224.58,950.20351,1575053999999,213300.3117813,423
BCHUSDT,1575054000000,224.52,224.64,223.37,223.65,1091.92731,1575057599999,244659.657352,611
BCHUSDT,1575057600000,223.57,224.29,223.29,224.03,855.71678,1575061199999,191520.8519791,483
BCHUSDT,1575061200000,224.06,224.11,222.48,222.9,2277.32008,1575064799999,509240.9112458,753
BCHUSDT,1575064800000,222.79,223.46,222.75,223.3,516.82794,1575068399999,115267.8707538,380
BCHUSDT,1575068400000,223.29,224.19,222.87,224.0,1400.79769,1575071999999,313063.4634912,799
BCHUSDT,1575072000000,223.89,224.67,223.5,224.12,3476.92777,1575075599999,778573.0085303,984
BCHUSDT,1575075600000,223.97,224.5,223.5,223.81,1047.81793,1575079199999,234713.9486657,460
BCHUSDT,1575079200000,223.66,223.94,223.0,223.3,1184.90782,1575082799999,264587.3753362,463
BCHUSDT,1575082800000,223.18,224.27,222.69,224.27,1075.45053,1575086399999,240113.0926304,537
BCHUSDT,1575086400000,224.22,224.22,222.97,223.38,687.58247,1575089999999,153532.4518862,440
BCHUSDT,1575090000000,223.26,223.93,223.2,223.65,765.56138,1575093599999,171156.4757326,343
BCHUSDT,1575093600000,223.59,223.81,222.83,223.16,2260.56903,1575097199999,504406.5327381,545
BCHUSDT,1575097200000,222.93,223.48,222.58,223.48,1500.9579,1575100799999,334650.7137931,578
BCHUSDT,1575100800000,223.39,223.71,222.95,223.04,381.63144,1575104399999,85277.1798307,297
BCHUSDT,1575104400000,222.96,223.07,220.2,220.84,4874.8716,1575107999999,1078049.6576084,1505
BCHUSDT,1575108000000,220.75,223.62,220.0,221.7,5867.04787,1575111599999,1301603.475644,2472
BCHUSDT,1575111600000,221.64,221.76,219.82,219.97,2106.75818,1575115199999,464426.7035346,878
BCHUSDT,1575115200000,219.97,222.12,219.61,221.48,1898.35598,1575118799999,419901.8912208,668
BCHUSDT,1575118800000,221.44,221.7,219.39,219.6,1789.4422,1575122399999,394603.2891253,640
BCHUSDT,1575122400000,219.68,220.07,216.93,217.95,4220.8847,1575125999999,921086.0362328,1726
BCHUSDT,1575126000000,217.88,219.18,216.87,217.64,2962.8199,1575129599999,645062.6314151,1217
BCHUSDT,1575129600000,217.45,219.12,216.71,218.62,3441.0893,1575133199999,751203.9658527,1011
BCHUSDT,1575133200000,218.5,218.57,214.41,215.63,3636.70939,1575136799999,785285.171336,1804
BCHUSDT,1575136800000,215.62,216.8,215.46,215.73,1035.64171,1575140399999,223965.9223827,522
BCHUSDT,1575140400000,215.79,216.44,215.34,215.67,760.81418,1575143999999,164244.6979977,381
BCHUSDT,1575144000000,215.54,217.08,215.41,216.56,602.42339,1575147599999,130251.6745178,350
BCHUSDT,1575147600000,216.46,217.29,216.46,217.15,414.43802,1575151199999,89888.2224296,212
BCHUSDT,1575151200000,217.23,217.8,216.33,216.68,841.891,1575154799999,182871.4331909,405
BCHUSDT,1575154800000,216.69,217.49,216.43,217.45,787.58642,1575158399999,170863.2844772,356
BCHUSDT,1575158400000,217.43,217.45,215.01,215.49,1548.48135,1575161999999,334615.5903395,723
BCHUSDT,1575162000000,215.41,215.93,213.32,214.19,2478.07694,1575165599999,530700.6639104,1326
BCHUSDT,1575165600000,214.22,215.04,211.03,211.52,3421.66454,1575169199999,728930.0991156,1450
BCHUSDT,1575169200000,211.31,212.19,210.0,211.25,3376.28272,1575172799999,712272.3685564,1465
BCHUSDT,1575172800000,211.25,213.08,210.72,212.88,1371.24599,1575176399999,290452.3396804,725
BCHUSDT,1575176400000,212.72,212.82,211.44,212.36,1980.85279,1575179999999,420179.5797716,544
BCHUSDT,1575180000000,212.44,212.75,211.81,211.98,764.74233,1575183599999,162389.7890178,364
BCHUSDT,1575183600000,212.08,212.57,210.82,211.41,1293.61874,1575187199999,273943.9977315,528
BCHUSDT,1575187200000,211.3,212.27,210.72,211.16,780.64177,1575190799999,165053.4450119,476
BCHUSDT,1575190800000,211.2,214.18,209.24,212.22,4820.15961,1575194399999,1020238.443268,1830
BCHUSDT,1575194400000,212.21,214.36,212.21,213.63,2815.78866,1575197999999,600960.4785894,1229
BCHUSDT,1575198000000,213.68,213.89,212.24,212.33,698.46301,1575201599999,148789.165343,376
BCHUSDT,1575201600000,212.37,214.33,212.37,213.85,1267.86444,1575205199999,270509.1423712,527
BCHUSDT,1575205200000,213.85,217.95,213.85,216.55,5075.6571,1575208799999,1094894.9756496,1908
BCHUSDT,1575208800000,216.63,218.18,215.87,216.15,2125.73645,1575212399999,461709.410554,1072
BCHUSDT,1575212400000,216.14,216.69,212.07,212.91,3806.64989,1575215999999,813998.3787841,1911
BCHUSDT,1575216000000,212.9,214.15,212.0,213.1,2040.73383,1575219599999,434918.2778575,1677
BCHUSDT,1575219600000,213.1,213.65,211.66,213.19,1295.88891,1575223199999,275378.6864342,1336
BCHUSDT,1575223200000,213.36,213.8,212.5,213.15,773.17147,1575226799999,164836.1416357,756
BCHUSDT,1575226800000,213.06,213.94,212.75,213.49,997.33791,1575230399999,212791.849586,930
BCHUSDT,1575230400000,213.59,214.14,213.53,214.04,928.06951,1575233999999,198484.5163006,728
BCHUSDT,1575234000000,213.98,214.39,213.52,214.33,670.91699,1575237599999,143590.0902629,681
BCHUSDT,1575237600000,214.28,215.58,213.79,215.03,1338.48275,1575241199999,287351.3697493,1043
BCHUSDT,1575241200000,215.04,216.54,214.15,214.36,1051.05144,1575244799999,226179.2503542,896
BCHUSDT,1575244800000,214.37,214.96,213.26,214.55,1313.72985,1575248399999,281266.9522663,806
BCHUSDT,1575248400000,214.53,216.25,213.9,214.74,974.93142,1575251999999,209688.4071669,630
BCHUSDT,1575252000000,214.71,216.24,214.56,215.47,1485.43424,1575255599999,320047.7747682,709
BCHUSDT,1575255600000,215.53,215.65,214.0,214.35,1718.95791,1575259199999,368634.9704384,561
BCHUSDT,1575259200000,214.4,214.78,213.39,214.73,864.10922,1575262799999,184989.2042028,566
BCHUSDT,1575262800000,214.79,214.88,211.91,212.72,2092.0601,1575266399999,445603.3222516,847
BCHUSDT,1575266400000,212.69,212.89,209.74,211.9,3542.20255,1575269999999,747349.6573254,1401
BCHUSDT,1575270000000,211.62,212.01,211.1,211.37,1127.94361,1575273599999,238595.5413336,424
BCHUSDT,1575273600000,211.36,211.48,209.68,210.89,2453.60433,1575277199999,516360.2617343,826
BCHUSDT,1575277200000,210.78,214.0,210.78,212.45,3673.6786,1575280799999,779777.396477,1281
BCHUSDT,1575280800000,212.48,216.17,212.16,213.66,4339.40633,1575284399999,930587.6506779,2050
BCHUSDT,1575284400000,213.63,213.67,211.43,212.9,1935.49609,1575287999999,411456.3803872,926
BCHUSDT,1575288000000,212.91,214.47,210.96,213.85,1713.35317,1575291599999,364219.1411237,884
BCHUSDT,1575291600000,213.98,214.85,212.98,213.68,1516.22601,1575295199999,324543.7996457,686
BCHUSDT,1575295200000,213.67,214.53,211.95,213.27,2290.7056,1575298799999,487976.4034722,1046
BCHUSDT,1575298800000,213.28,215.59,212.57,214.68,2565.96816,1575302399999,550779.7167628,1090
BCHUSDT,1575302400000,214.74,215.4,212.12,213.44,2991.29575,1575305999999,639648.0032164,1258
BCHUSDT,1575306000000,213.35,213.89,212.47,212.64,1525.12599,1575309599999,324995.848159,813
BCHUSDT,1575309600000,212.6,212.8,211.6,212.15,1513.69253,1575313199999,321086.556457,706
BCHUSDT,1575313200000,212.01,213.39,211.95,213.05,726.74932,1575316799999,154720.9180361,435
BCHUSDT,1575316800000,213.01,213.99,212.91,213.1,684.26926,1575320399999,146112.5058508,350
BCHUSDT,1575320400000,213.08,213.89,212.83,213.7,640.09077,1575323999999,136474.4354696,352
BCHUSDT,1575324000000,213.71,214.99,213.64,214.77,932.22917,1575327599999,199866.8411457,518
BCHUSDT,1575327600000,214.82,214.87,213.57,213.67,776.06561,1575331199999,166189.2461816,428
BCHUSDT,1575331200000,213.72,215.95,213.66,214.94,3771.33163,1575334799999,809259.789411,1310
BCHUSDT,1575334800000,214.92,215.57,213.97,214.62,1504.09123,1575338399999,322971.0975482,602
BCHUSDT,1575338400000,214.54,215.59,214.05,214.45,1365.35167,1575341999999,293130.4151325,757
BCHUSDT,1575342000000,214.43,214.88,214.03,214.39,553.80327,1575345599999,118766.4101013,434
BCHUSDT,1575345600000,214.34,214.86,213.09,213.52,813.56477,1575349199999,174064.3751478,433
BCHUSDT,1575349200000,213.39,213.8,212.16,212.41,827.69035,1575352799999,176220.9464131,511
BCHUSDT,1575352800000,212.38,214.65,212.23,213.98,1259.30423,1575356399999,268843.6484981,642
BCHUSDT,1575356400000,213.84,214.06,213.07,213.47,1081.27272,1575359999999,230780.9875763,515
BCHUSDT,1575360000000,213.31,214.11,213.31,214.0,803.08136,1575363599999,171661.8377999,330
BCHUSDT,1575363600000,214.05,214.11,212.42,212.72,1343.76817,1575367199999,286755.4262657,717
BCHUSDT,1575367200000,212.75,212.78,211.14,212.06,3129.91392,1575370799999,663904.2055551,922
BCHUSDT,1575370800000,212.06,213.14,211.27,211.72,736.29831,1575374399999,156185.2542445,417
BCHUSDT,1575374400000,211.8,212.79,211.42,212.38,675.11198,1575377999999,143230.0128509,419
BCHUSDT,1575378000000,212.39,212.8,211.8,212.41,754.55586,1575381599999,160176.2497188,428
BCHUSDT,1575381600000,212.44,214.85,212.16,213.77,2103.00862,1575385199999,449918.7008438,1089
BCHUSDT,1575385200000,213.77,214.05,211.83,212.2,1128.47903,1575388799999,240605.4406856,550
BCHUSDT,1575388800000,212.46,213.87,212.06,213.1,1526.28716,1575392399999,325354.3778663,616
BCHUSDT,1575392400000,213.12,214.0,212.87,213.2,659.24539,1575395999999,140616.259876,429
BCHUSDT,1575396000000,213.22,214.26,213.06,213.74,977.37198,1575399599999,208782.7936225,497
BCHUSDT,1575399600000,214.05,214.06,212.55,212.57,674.13855,1575403199999,143637.7426729,408
BCHUSDT,1575403200000,212.57,212.87,211.29,212.52,1184.67944,1575406799999,251180.3085413,614
BCHUSDT,1575406800000,212.57,213.02,211.86,212.75,447.29124,1575410399999,94975.7112421,189
BCHUSDT,1575410400000,212.72,213.12,211.33,211.45,422.97538,1575413999999,89817.2949272,157
BCHUSDT,1575414000000,211.51,212.14,210.99,211.5,687.84829,1575417599999,145481.4135069,309
BCHUSDT,1575417600000,211.47,211.63,203.12,204.29,11495.80069,1575421199999,2379465.4035485,5045
BCHUSDT,1575421200000,204.33,205.21,202.5,204.86,5530.64362,1575424799999,1128378.4118731,1757
BCHUSDT,1575424800000,204.74,206.58,204.55,205.99,3293.11674,1575428399999,676798.9369098,1540
BCHUSDT,1575428400000,205.97,206.3,205.23,205.42,829.41955,1575431999999,170710.018819,392
BCHUSDT,1575432000000,205.4,205.8,204.62,205.17,844.63928,1575435599999,173218.0278708,428
BCHUSDT,1575435600000,205.18,205.22,203.68,204.4,1665.10244,1575439199999,340636.8094422,966
BCHUSDT,1575439200000,204.39,206.17,203.62,204.69,2053.88193,1575442799999,421169.0208685,871
BCHUSDT,1575442800000,204.77,205.32,203.42,203.95,1679.91857,1575446399999,343580.1137909,726
BCHUSDT,1575446400000,203.82,206.45,202.7,206.02,4622.47285,1575449999999,943794.2680634,1514
BCHUSDT,1575450000000,206.17,206.9,205.56,206.25,2535.08173,1575453599999,522782.3403069,1055
BCHUSDT,1575453600000,206.32,208.17,205.73,207.19,2854.78688,1575457199999,590439.7379279,1300
BCHUSDT,1575457200000,207.23,207.83,205.95,206.28,1578.54208,1575460799999,326163.8954294,591
BCHUSDT,1575460800000,206.3,207.55,205.56,206.7,2448.80106,1575464399999,505833.2246147,957
BCHUSDT,1575464400000,206.69,219.68,206.02,215.13,22369.53999,1575467999999,4799388.5597649,8646
BCHUSDT,1575468000000,215.13,216.37,213.3,214.22,7190.72437,1575471599999,1547015.6750159,3482
BCHUSDT,1575471600000,214.18,215.24,213.81,214.44,1337.49475,1575475199999,286778.1254147,587
BCHUSDT,1575475200000,214.4,215.09,213.12,213.55,1280.25024,1575478799999,274201.5835233,488
BCHUSDT,1575478800000,213.6,214.39,213.45,213.6,448.86369,1575482399999,96004.1572372,214
BCHUSDT,1575482400000,213.58,213.8,212.64,212.7,666.40854,1575485999999,141971.8510205,393
BCHUSDT,1575486000000,212.86,213.75,212.6,213.62,665.14945,1575489599999,141792.9742296,240
BCHUSDT,1575489600000,213.76,214.17,207.52,209.17,8679.40126,1575493199999,1825369.6955882,3470
BCHUSDT,1575493200000,209.17,211.18,206.9,207.52,6269.84275,1575496799999,1310393.2229847,2964
BCHUSDT,1575496800000,207.25,208.59,206.61,207.44,1568.50849,1575500399999,325763.3848021,509
BCHUSDT,1575500400000,207.36,209.01,207.31,207.47,1443.50301,1575503999999,300497.3409776,594
BCHUSDT,1575504000000,207.36,208.44,206.71,207.89,1373.52362,1575507599999,285387.1687487,509
BCHUSDT,1575507600000,208.02,208.85,207.71,207.73,1316.34992,1575511199999,274095.0049656,521
BCHUSDT,1575511200000,207.72,208.01,205.83,206.58,2043.26241,1575514799999,423234.1359333,840
BCHUSDT,1575514800000,206.34,207.66,205.16,207.32,3130.43256,1575518399999,645001.2878022,1104
BCHUSDT,1575518400000,207.32,211.42,206.51,207.47,6720.95259,1575521999999,1398819.8541657,2547
BCHUSDT,1575522000000,207.22,211.21,206.8,210.35,5229.06384,1575525599999,1094289.0416532,2518
BCHUSDT,1575525600000,210.22,210.53,209.49,210.14,855.77008,1575529199999,179733.7914503,406
BCHUSDT,1575529200000,210.1,210.21,200.88,209.49,6399.42642,1575532799999,1327298.3763642,1762
BCHUSDT,1575532800000,209.45,211.33,208.98,210.95,2934.20069,1575536399999,617088.9288962,838
BCHUSDT,1575536400000,210.86,213.14,210.06,210.14,4507.51525,1575539999999,953627.1274395,1706
BCHUSDT,1575540000000,210.19,213.87,209.95,213.07,2142.52853,1575543599999,454712.8248873,1037
BCHUSDT,1575543600000,213.16,213.89,212.1,212.25,1770.05059,1575547199999,376872.7440189,758
BCHUSDT,1575547200000,212.26,214.46,212.0,213.1,4026.70142,1575550799999,857421.0389136,1216
BCHUSDT,1575550800000,213.0,214.22,210.25,210.58,2822.39878,1575554399999,599346.4591312,1248
BCHUSDT,1575554400000,210.56,211.49,209.15,211.06,2698.73665,1575557999999,567606.6371541,1166
BCHUSDT,1575558000000,211.11,211.3,208.2,209.22,2505.86516,1575561599999,524160.5727905,1144
BCHUSDT,1575561600000,209.02,209.81,208.49,208.85,1703.82871,1575565199999,356239.2686,692
BCHUSDT,1575565200000,209.02,211.33,207.86,211.21,1749.38349,1575568799999,366181.2193056,864
BCHUSDT,1575568800000,210.81,212.7,210.39,211.3,1355.6693,1575572399999,286958.430623,713
BCHUSDT,1575572400000,211.29,212.27,210.9,210.95,358.10594,1575575999999,75773.8544522,270
BCHUSDT,1575576000000,211.02,212.31,210.48,211.18,667.5217,1575579599999,141329.4464326,336
BCHUSDT,1575579600000,211.19,211.51,210.7,211.31,243.93008,1575583199999,51499.2396397,153
BCHUSDT,1575583200000,211.22,212.5,211.18,211.81,814.89404,1575586799999,172640.5314262,308
BCHUSDT,1575586800000,211.87,212.83,210.78,211.5,1045.55608,1575590399999,221583.2198245,446
BCHUSDT,1575590400000,211.6,211.6,209.7,211.05,1222.12569,1575593999999,257140.2548638,534
BCHUSDT,1575594000000,211.07,213.59,210.97,212.6,1991.01456,1575597599999,422845.0302482,723
BCHUSDT,1575597600000,212.63,213.3,211.23,212.49,920.64108,1575601199999,195481.7155016,365
BCHUSDT,1575601200000,212.49,212.51,210.79,211.74,1587.50784,1575604799999,335927.9526648,609
BCHUSDT,1575604800000,211.57,212.71,210.95,212.71,524.74403,1575608399999,111162.8268958,313
BCHUSDT,1575608400000,212.57,212.72,211.44,212.07,722.19941,1575611999999,153199.6170772,221
BCHUSDT,1575612000000,212.07,212.07,210.78,211.73,743.89944,1575615599999,157409.4123748,346
BCHUSDT,1575615600000,211.63,212.74,211.32,212.31,1593.51785,1575619199999,338086.9697681,1206
BCHUSDT,1575619200000,212.32,212.92,211.0,211.74,910.98664,1575622799999,192929.9835661,431
BCHUSDT,1575622800000,211.74,213.3,209.2,211.99,4673.34346,1575626399999,987742.4057789,2077
BCHUSDT,1575626400000,212.15,212.49,209.89,210.52,1064.48826,1575629999999,224518.7895159,428
BCHUSDT,1575630000000,210.19,211.37,209.73,210.05,1049.97959,1575633599999,221155.3280711,431
BCHUSDT,1575633600000,210.0,211.31,209.87,210.54,992.11524,1575637199999,208874.3694979,500
BCHUSDT,1575637200000,210.34,210.59,209.48,209.48,936.63846,1575640799999,196698.5770102,365
BCHUSDT,1575640800000,209.5,210.78,209.24,210.3,838.32668,1575644399999,176050.4028587,406
BCHUSDT,1575644400000,210.35,212.57,209.82,211.35,2440.23265,1575647999999,515600.1261389,1046
BCHUSDT,1575648000000,211.35,211.66,210.79,211.12,1043.68592,1575651599999,220429.371687,361
BCHUSDT,1575651600000,211.15,214.0,210.64,212.41,3777.92938,1575655199999,803325.2864586,1787
BCHUSDT,1575655200000,212.47,212.86,211.7,212.13,2776.77101,1575658799999,589487.0540317,1276
BCHUSDT,1575658800000,212.03,212.45,210.81,211.08,1210.9266,1575662399999,256118.4406079,537
BCHUSDT,1575662400000,211.08,211.31,210.74,210.8,686.21223,1575665999999,144822.8253459,255
BCHUSDT,1575666000000,210.8,211.76,210.53,211.55,731.08103,1575669599999,154388.4012871,401
BCHUSDT,1575669600000,211.4,212.86,211.4,212.2,1091.3813,1575673199999,231593.0980728,491
BCHUSDT,1575673200000,212.15,213.07,211.03,212.84,2551.96563,1575676799999,540962.6907101,996
BCHUSDT,1575676800000,212.9,213.46,212.0,212.42,1376.99654,1575680399999,292745.5936818,601
BCHUSDT,1575680400000,212.4,212.7,211.6,211.77,1187.96785,1575683999999,251723.7447284,375
BCHUSDT,1575684000000,211.8,214.0,211.68,213.31,4055.33743,1575687599999,861807.5454067,1112
BCHUSDT,1575687600000,213.49,213.8,212.38,212.88,1067.29969,1575691199999,227513.7012104,494
BCHUSDT,1575691200000,212.93,216.62,212.93,214.9,4694.89483,1575694799999,1008106.4266646,2144
BCHUSDT,1575694800000,214.81,214.96,213.76,214.2,1160.34876,1575698399999,248741.0351892,454
BCHUSDT,1575698400000,214.23,214.27,213.39,213.94,1016.74138,1575701999999,217422.6758045,282
BCHUSDT,1575702000000,213.91,214.44,213.54,213.89,701.35176,1575705599999,150117.058991,354
BCHUSDT,1575705600000,213.82,214.5,212.86,213.7,818.33143,1575709199999,174955.2773115,422
BCHUSDT,1575709200000,213.72,213.85,212.57,212.7,634.1878,1575712799999,135317.5937166,310
BCHUSDT,1575712800000,212.84,213.76,212.03,213.58,938.83377,1575716399999,199780.5279794,490
BCHUSDT,1575716400000,213.46,214.02,213.34,213.68,622.56158,1575719999999,133077.0204763,332
BCHUSDT,1575720000000,213.83,214.21,213.11,213.33,1519.85001,1575723599999,324794.1448298,511
BCHUSDT,1575723600000,213.33,213.35,212.49,212.87,979.01421,1575727199999,208511.7931474,409
BCHUSDT,1575727200000,212.74,213.68,212.57,213.38,422.83203,1575730799999,90115.8551252,217
BCHUSDT,1575730800000,213.37,213.55,212.67,213.06,920.17653,1575734399999,196099.4984099,315
BCHUSDT,1575734400000,213.06,213.39,212.4,212.83,347.88186,1575737999999,74064.0872158,301
BCHUSDT,1575738000000,212.7,213.2,211.39,212.09,1309.29037,1575741599999,277664.1386901,564
BCHUSDT,1575741600000,211.95,212.45,211.3,211.56,149.79623,1575745199999,31745.8651676,158
BCHUSDT,1575745200000,211.56,212.87,211.17,212.54,400.12764,1575748799999,84806.7308786,253
BCHUSDT,1575748800000,212.55,212.61,211.34,211.44,646.19779,1575752399999,136946.6517459,298
BCHUSDT,1575752400000,211.41,211.46,210.01,210.48,937.59555,1575755999999,197488.7137905,445
BCHUSDT,1575756000000,210.26,211.92,210.26,211.92,329.42936,1575759599999,69536.340237,148
BCHUSDT,1575759600000,211.95,212.11,210.75,211.0,725.12497,1575763199999,153288.2950684,332
BCHUSDT,1575763200000,210.97,211.1,208.06,209.12,3350.77072,1575766799999,701666.9516189,1270
BCHUSDT,1575766800000,209.4,209.78,208.51,209.48,813.24159,1575770399999,170152.3994538,427
BCHUSDT,1575770400000,209.53,209.55,208.0,209.47,2371.88155,1575773999999,495060.2733487,674
BCHUSDT,1575774000000,209.46,210.33,208.89,209.52,1422.16708,1575777599999,298045.7740478,583
BCHUSDT,1575777600000,209.52,210.14,208.9,209.66,862.69851,1575781199999,180495.373629,288
BCHUSDT,1575781200000,209.61,210.1,209.51,209.59,453.52298,1575784799999,95138.9813655,190
BCHUSDT,1575784800000,209.64,210.47,209.61,209.95,493.05371,1575788399999,103561.9979857,253
BCHUSDT,1575788400000,209.82,210.31,209.68,209.93,182.71682,1575791999999,38376.8389251,118
BCHUSDT,1575792000000,209.82,210.64,209.59,210.64,461.76313,1575795599999,97047.377718,217
BCHUSDT,1575795600000,210.64,212.14,210.37,211.24,1204.86257,1575799199999,254595.8294089,588
BCHUSDT,1575799200000,211.23,211.99,210.71,211.65,599.62867,1575802799999,126792.4512529,337
BCHUSDT,1575802800000,211.79,212.63,211.34,211.72,1390.91148,1575806399999,295037.5792207,552
BCHUSDT,1575806400000,211.73,212.38,211.35,211.56,583.72009,1575809999999,123602.7230645,299
BCHUSDT,1575810000000,211.65,212.12,211.33,211.47,633.93325,1575813599999,134266.2627141,334
BCHUSDT,1575813600000,211.63,213.15,210.67,212.38,1809.0682,1575817199999,383319.1250237,972
BCHUSDT,1575817200000,212.47,214.89,212.46,214.3,3362.17728,1575820799999,720034.9494077,1642
BCHUSDT,1575820800000,214.43,214.44,212.8,212.96,786.4342,1575824399999,168049.2817055,459
BCHUSDT,1575824400000,212.85,213.67,212.85,213.58,364.95033,1575827999999,77855.2673609,176
BCHUSDT,1575828000000,213.43,214.42,213.2,213.39,472.29981,1575831599999,101048.6433466,374
BCHUSDT,1575831600000,213.27,213.6,212.76,213.59,511.20476,1575835199999,108921.0186287,158
BCHUSDT,1575835200000,213.54,213.72,213.16,213.72,358.89949,1575838799999,76571.9410459,99
BCHUSDT,1575838800000,213.73,214.18,213.5,213.64,365.61535,1575842399999,78212.1517523,186
BCHUSDT,1575842400000,213.63,213.63,212.81,213.47,214.96639,1575845999999,45825.2667176,145
BCHUSDT,1575846000000,213.45,213.94,212.41,212.58,460.1918,1575849599999,97936.3226453,277
BCHUSDT,1575849600000,212.42,213.88,212.42,213.23,460.92422,1575853199999,98151.1139043,258
BCHUSDT,1575853200000,213.11,213.63,212.42,212.42,717.57664,1575856799999,152773.0993932,396
BCHUSDT,1575856800000,212.4,212.86,211.87,212.7,812.22727,1575860399999,172450.1063896,392
BCHUSDT,1575860400000,212.67,212.89,211.91,212.83,819.18414,1575863999999,173841.6088887,220
BCHUSDT,1575864000000,212.75,213.7,212.64,213.06,1022.89311,1575867599999,218169.0263285,373
BCHUSDT,1575867600000,213.02,213.71,212.57,212.81,485.72898,1575871199999,103568.7401276,283
BCHUSDT,1575871200000,212.62,213.26,212.13,212.86,929.92981,1575874799999,197628.9872969,357
BCHUSDT,1575874800000,212.83,212.89,212.12,212.39,1140.13282,1575878399999,242231.2303932,486
BCHUSDT,1575878400000,212.4,212.46,211.75,212.11,1141.7956,1575881999999,242126.7709856,469
BCHUSDT,1575882000000,212.0,212.42,211.73,211.93,449.03219,1575885599999,95175.518794,266
BCHUSDT,1575885600000,211.92,212.64,211.65,212.37,938.18237,1575889199999,198864.5468914,493
BCHUSDT,1575889200000,212.36,213.7,212.17,212.68,1357.53351,1575892799999,289022.3754436,649
BCHUSDT,1575892800000,212.62,213.62,212.12,213.21,979.97209,1575896399999,208641.2962822,547
BCHUSDT,1575896400000,213.14,213.66,212.58,212.58,1287.42238,1575899999999,274561.6993725,547
BCHUSDT,1575900000000,212.52,213.96,212.38,213.65,1161.795,1575903599999,247877.0209913,574
BCHUSDT,1575903600000,213.66,215.08,209.72,209.89,9509.75126,1575907199999,2019359.811607,4174
BCHUSDT,1575907200000,210.08,210.17,207.11,207.76,4822.59368,1575910799999,1005901.3631976,2183
BCHUSDT,1575910800000,207.63,209.07,207.25,208.39,1357.22269,1575914399999,282984.2336884,564
BCHUSDT,1575914400000,208.39,208.74,208.27,208.68,343.55534,1575917999999,71627.4042095,231
BCHUSDT,1575918000000,208.7,208.78,206.68,207.0,1525.6822,1575921599999,317251.4802702,802
BCHUSDT,1575921600000,206.89,207.58,205.4,206.88,3485.59472,1575925199999,720352.8996141,1671
BCHUSDT,1575925200000,206.96,208.33,206.69,207.85,783.34494,1575928799999,162506.9731921,445
BCHUSDT,1575928800000,207.85,208.28,206.51,207.83,483.85429,1575932399999,100297.6983721,257
BCHUSDT,1575932400000,207.75,208.79,207.64,208.27,458.70999,1575935999999,95495.1166403,259
BCHUSDT,1575936000000,208.18,208.65,207.67,208.54,612.55706,1575939599999,127486.9184513,309
BCHUSDT,1575939600000,208.41,208.94,207.29,208.15,1860.24627,1575943199999,387080.8371351,831
BCHUSDT,1575943200000,208.15,208.6,207.74,207.75,792.34959,1575946799999,164945.138443,348
BCHUSDT,1575946800000,207.65,208.66,207.44,208.45,842.60934,1575950399999,175377.2376668,443
BCHUSDT,1575950400000,208.48,208.9,207.7,207.71,1365.05419,1575953999999,284565.7420508,639
BCHUSDT,1575954000000,207.71,208.68,207.7,208.37,614.841,1575957599999,127891.0292777,275
BCHUSDT,1575957600000,208.3,208.82,207.93,208.49,1026.03825,1575961199999,213772.8127655,347
BCHUSDT,1575961200000,208.5,208.93,207.7,208.45,1204.36233,1575964799999,250829.8204499,552
BCHUSDT,1575964800000,208.46,208.58,206.72,206.91,1398.83347,1575968399999,290192.4974607,628
BCHUSDT,1575968400000,207.16,207.84,207.12,207.23,589.65458,1575971999999,122331.8490054,309
BCHUSDT,1575972000000,207.22,209.35,207.22,208.25,1733.5443,1575975599999,361317.7881564,791
BCHUSDT,1575975600000,208.51,208.83,207.94,208.07,481.44029,1575979199999,100385.7309112,277
BCHUSDT,1575979200000,207.97,208.61,207.81,208.3,830.99293,1575982799999,173031.7594567,408
BCHUSDT,1575982800000,208.3,208.64,207.31,207.74,1068.85792,1575986399999,222128.4527814,503
BCHUSDT,1575986400000,207.74,207.96,205.32,206.15,3624.92042,1575989999999,747322.1343833,1428
BCHUSDT,1575990000000,206.0,206.44,204.35,205.35,3495.26191,1575993599999,717707.5126145,1455
BCHUSDT,1575993600000,205.34,205.87,204.24,205.34,671.86313,1575997199999,137732.9945854,466
BCHUSDT,1575997200000,205.31,205.8,204.25,204.37,684.52765,1576000799999,140273.0273754,396
BCHUSDT,1576000800000,204.24,206.24,203.71,206.07,1989.96606,1576004399999,407859.6285457,1059
BCHUSDT,1576004400000,206.14,206.41,205.55,205.68,325.39628,1576007999999,67048.9188504,281
BCHUSDT,1576008000000,205.76,205.79,204.54,205.36,521.38251,1576011599999,106845.7694047,270
BCHUSDT,1576011600000,205.36,206.3,205.21,205.85,437.59988,1576015199999,90076.2481942,201
BCHUSDT,1576015200000,205.76,206.57,205.75,206.05,865.31325,1576018799999,178405.9155057,334
BCHUSDT,1576018800000,206.02,207.72,206.02,206.54,890.28592,1576022399999,184398.7568076,503
BCHUSDT,1576022400000,206.63,207.66,206.51,207.02,681.89045,1576025999999,141260.2380219,374
BCHUSDT,1576026000000,206.89,207.92,206.86,207.83,830.40289,1576029599999,172330.2344899,287
BCHUSDT,1576029600000,207.82,207.99,207.12,207.3,388.39537,1576033199999,80635.2363107,224
BCHUSDT,1576033200000,207.19,207.27,205.01,206.52,1162.16831,1576036799999,239474.8582187,687
BCHUSDT,1576036800000,206.47,206.77,205.83,206.14,301.3087,1576040399999,62173.457933,200
BCHUSDT,1576040400000,206.14,206.69,205.3,205.41,528.04057,1576043999999,108743.000696,236
BCHUSDT,1576044000000,205.41,206.47,205.16,206.47,346.29458,1576047599999,71252.11499,201
BCHUSDT,1576047600000,206.36,207.16,206.33,206.47,594.67076,1576051199999,122918.9485431,285
BCHUSDT,1576051200000,206.52,207.1,206.06,206.49,672.86024,1576054799999,139047.7952992,359
BCHUSDT,1576054800000,206.49,207.52,206.48,207.4,644.65197,1576058399999,133540.1168537,320
BCHUSDT,1576058400000,207.55,207.81,206.2,206.57,538.45831,1576061999999,111427.278626,286
BCHUSDT,1576062000000,206.7,207.45,206.46,207.0,505.46216,1576065599999,104602.5320684,263
BCHUSDT,1576065600000,207.13,207.97,207.11,207.87,560.65665,1576069199999,116359.7783909,275
BCHUSDT,1576069200000,207.58,207.81,206.18,206.91,854.25569,1576072799999,176721.1942864,374
BCHUSDT,1576072800000,206.84,207.28,206.43,206.91,332.6876,1576076399999,68823.2029844,198
BCHUSDT,1576076400000,206.8,206.8,204.05,205.22,3016.48284,1576079999999,618457.7984296,1412
BCHUSDT,1576080000000,205.19,206.17,204.67,205.69,662.06593,1576083599999,136115.301013,312
BCHUSDT,1576083600000,205.62,206.39,205.62,206.39,624.32904,1576087199999,128635.1134791,364
BCHUSDT,1576087200000,206.3,206.42,205.72,205.85,309.25334,1576090799999,63716.2323631,179
BCHUSDT,1576090800000,205.92,207.29,205.75,206.55,660.74435,1576094399999,136555.9237098,375
BCHUSDT,1576094400000,206.38,206.56,206.08,206.08,242.121,1576097999999,49964.1130251,145
BCHUSDT,1576098000000,206.08,206.29,205.57,206.29,327.90826,1576101599999,67472.4158722,172
BCHUSDT,1576101600000,206.19,206.47,205.8,206.44,165.88948,1576105199999,34197.8886487,122
BCHUSDT,1576105200000,206.47,207.1,206.14,207.01,313.51347,1576108799999,64768.5569857,141
BCHUSDT,1576108800000,207.1,207.79,204.78,205.61,4772.1594,1576112399999,984452.4335186,2176
BCHUSDT,1576112400000,205.62,205.82,203.67,204.72,3065.80907,1576115999999,627183.7465334,1202
BCHUSDT,1576116000000,204.68,205.72,204.39,205.36,1094.24882,1576119599999,224417.5822742,459
BCHUSDT,1576119600000,205.37,205.75,205.06,205.34,477.27346,1576123199999,98022.7544539,306
BCHUSDT,1576123200000,205.19,205.52,204.42,204.75,792.78559,1576126799999,162657.7240736,247
BCHUSDT,1576126800000,204.9,205.4,204.52,204.97,603.84069,1576130399999,123683.8638966,232
BCHUSDT,1576130400000,204.96,205.48,204.62,205.31,1113.21782,1576133999999,228292.1689998,341
BCHUSDT,1576134000000,205.36,205.39,204.57,204.61,337.14191,1576137599999,69101.7566237,316
BCHUSDT,1576137600000,204.61,204.84,203.96,204.8,918.93038,1576141199999,187759.3878602,605
BCHUSDT,1576141200000,204.8,206.85,204.53,206.44,2156.15716,1576144799999,443950.9952912,955
BCHUSDT,1576144800000,206.53,207.06,205.37,206.22,1181.25921,1576148399999,243728.6733822,795
BCHUSDT,1576148400000,206.39,207.02,206.19,206.77,363.89493,1576151999999,75211.4668697,231
BCHUSDT,1576152000000,206.7,207.97,206.67,207.04,1490.50208,1576155599999,309153.3517847,637
BCHUSDT,1576155600000,207.22,207.54,206.66,207.33,706.7505,1576159199999,146408.0850542,325
BCHUSDT,1576159200000,207.33,207.88,204.26,205.27,2402.26672,1576162799999,493999.5860309,981
BCHUSDT,1576162800000,205.23,206.05,204.57,205.9,1131.60928,1576166399999,232127.3510239,496
BCHUSDT,1576166400000,206.06,206.71,205.7,206.67,565.87703,1576169999999,116756.6694227,371
BCHUSDT,1576170000000,206.66,207.11,206.14,206.77,554.53432,1576173599999,114650.8893045,276
BCHUSDT,1576173600000,206.77,207.63,205.92,207.5,871.9979,1576177199999,180527.5808533,436
BCHUSDT,1576177200000,207.41,207.71,206.25,206.6,513.09393,1576180799999,105993.3365983,314
BCHUSDT,1576180800000,206.65,207.7,206.51,207.31,433.65387,1576184399999,89843.0829594,265
BCHUSDT,1576184400000,207.31,207.5,205.87,205.93,403.24543,1576187999999,83234.3354509,234
BCHUSDT,1576188000000,206.11,206.91,205.98,206.38,215.71455,1576191599999,44535.3865563,156
BCHUSDT,1576191600000,206.49,206.93,206.1,206.79,374.63099,1576195199999,77409.8281691,192
BCHUSDT,1576195200000,206.62,207.25,206.62,206.64,433.96135,1576198799999,89815.8788233,290
BCHUSDT,1576198800000,206.63,207.16,206.54,207.0,279.16525,1576202399999,57734.6255691,159
BCHUSDT,1576202400000,206.92,207.47,206.65,207.12,545.41489,1576205999999,112883.713658,348
BCHUSDT,1576206000000,207.16,207.61,206.96,207.55,616.37096,1576209599999,127823.4310876,271
BCHUSDT,1576209600000,207.52,209.08,207.13,207.66,2687.13775,1576213199999,559478.3333583,856
BCHUSDT,1576213200000,207.66,208.07,207.05,207.82,618.42749,1576216799999,128328.4444491,455
BCHUSDT,1576216800000,207.82,207.82,207.19,207.22,757.99613,1576220399999,157268.6479272,497
BCHUSDT,1576220400000,207.2,208.14,207.11,207.99,1070.17007,1576223999999,222419.3061048,729
BCHUSDT,1576224000000,207.98,208.23,206.25,207.97,4755.89326,1576227599999,986083.5578635,3408
BCHUSDT,1576227600000,207.89,210.0,207.7,208.05,6026.22578,1576231199999,1257796.3522848,3801
BCHUSDT,1576231200000,208.1,208.88,207.79,208.55,747.2641,1576234799999,155664.3132335,567
BCHUSDT,1576234800000,208.58,209.17,208.25,208.83,511.53563,1576238399999,106720.5463737,538
BCHUSDT,1576238400000,208.83,208.89,207.86,208.62,746.73636,1576241999999,155580.5980815,473
BCHUSDT,1576242000000,208.61,209.06,208.13,208.8,972.98114,1576245599999,202941.8052426,415
BCHUSDT,1576245600000,208.77,209.12,208.51,208.92,985.86526,1576249199999,205958.1343063,547
BCHUSDT,1576249200000,208.92,211.84,208.5,211.54,4049.05022,1576252799999,851483.3246686,1859
BCHUSDT,1576252800000,211.55,212.71,211.39,212.15,2313.10336,1576256399999,490496.774056,1485
BCHUSDT,1576256400000,212.14,212.37,211.68,212.2,807.42296,1576259999999,171222.2661615,584
BCHUSDT,1576260000000,212.19,212.54,211.35,211.82,1467.62666,1576263599999,311172.5630084,629
BCHUSDT,1576263600000,211.78,212.49,211.1,212.14,850.86997,1576267199999,180127.6894152,595
BCHUSDT,1576267200000,212.13,212.42,211.67,211.89,307.62445,1576270799999,65235.6875343,297
BCHUSDT,1576270800000,211.81,211.9,211.25,211.3,829.65369,1576274399999,175521.0231802,500
BCHUSDT,1576274400000,211.32,211.73,210.78,211.26,922.15361,1576277999999,194748.9272473,381
BCHUSDT,1576278000000,211.25,211.92,211.15,211.32,231.71585,1576281599999,48981.1017352,187
BCHUSDT,1576281600000,211.44,211.74,210.75,211.57,526.654,1576285199999,111261.3556745,353
BCHUSDT,1576285200000,211.52,213.11,211.31,212.32,3115.30306,1576288799999,661620.6179795,970
BCHUSDT,1576288800000,212.46,213.0,211.7,212.03,1720.02425,1576292399999,365543.4529744,933
BCHUSDT,1576292400000,211.91,212.37,211.42,212.21,635.38332,1576295999999,134581.8695333,487
BCHUSDT,1576296000000,212.23,212.28,211.84,211.84,420.7028,1576299599999,89247.0584604,273
BCHUSDT,1576299600000,211.84,212.26,211.55,211.93,395.74141,1576303199999,83858.7536644,268
BCHUSDT,1576303200000,211.94,212.05,210.93,210.93,876.58347,1576306799999,185245.6893526,594
BCHUSDT,1576306800000,210.94,211.47,210.91,211.18,1026.54822,1576310399999,216710.5192284,524
BCHUSDT,1576310400000,211.12,211.12,209.07,209.43,3233.95198,1576313999999,679309.4785097,1576
BCHUSDT,1576314000000,209.42,210.12,209.18,209.75,1642.28415,1576317599999,344462.5113518,644
BCHUSDT,1576317600000,209.82,210.28,209.42,209.82,515.70628,1576321199999,108213.0744355,383
BCHUSDT,1576321200000,209.78,209.78,208.12,209.32,1551.39311,1576324799999,324211.1402215,749
BCHUSDT,1576324800000,209.31,209.55,208.0,208.66,996.54217,1576328399999,208094.6049565,541
BCHUSDT,1576328400000,208.59,209.2,208.0,208.73,1315.76857,1576331999999,274481.2928782,679
BCHUSDT,1576332000000,208.75,209.29,208.16,208.79,1227.87486,1576335599999,256367.7469154,705
BCHUSDT,1576335600000,208.88,208.89,205.91,206.52,5975.44621,1576339199999,1236928.269811,2805
BCHUSDT,1576339200000,206.53,206.67,204.67,206.33,4010.86909,1576342799999,824982.9908827,1961
BCHUSDT,1576342800000,206.31,206.51,205.75,206.38,650.32382,1576346399999,134053.9956217,517
BCHUSDT,1576346400000,206.43,206.87,206.04,206.84,863.29177,1576349999999,178346.1608559,499
BCHUSDT,1576350000000,206.77,206.85,205.95,205.99,547.48413,1576353599999,113068.5652183,448
BCHUSDT,1576353600000,205.96,206.46,205.67,205.98,390.50699,1576357199999,80468.9689305,318
BCHUSDT,1576357200000,205.93,206.84,205.89,206.67,438.41354,1576360799999,90518.5512436,339
BCHUSDT,1576360800000,206.8,207.33,206.39,207.14,441.04676,1576364399999,91181.9986464,377
BCHUSDT,1576364400000,207.07,207.09,205.82,205.82,1550.12508,1576367999999,319698.5270855,811
BCHUSDT,1576368000000,205.87,206.22,204.89,205.51,1211.47449,1576371599999,249025.0228688,861
BCHUSDT,1576371600000,205.57,206.05,204.88,205.76,897.82106,1576375199999,184434.7818719,516
BCHUSDT,1576375200000,205.77,206.56,205.54,206.29,868.56266,1576378799999,179021.7156515,469
BCHUSDT,1576378800000,206.26,206.26,205.26,205.32,806.20405,1576382399999,165895.355329,493
BCHUSDT,1576382400000,205.38,206.16,205.38,205.6,672.68568,1576385999999,138466.4804329,291
BCHUSDT,1576386000000,205.6,205.84,205.35,205.6,616.51171,1576389599999,126770.5519806,386
BCHUSDT,1576389600000,205.57,205.95,205.04,205.95,583.28054,1576393199999,119813.2080041,405
BCHUSDT,1576393200000,205.95,209.76,205.73,208.82,9003.13242,1576396799999,1874481.393583,3804
BCHUSDT,1576396800000,208.84,209.43,207.91,208.71,4227.30787,1576400399999,880781.4102875,1207
BCHUSDT,1576400400000,208.7,209.2,208.25,208.43,886.21662,1576403999999,184896.6134123,577
BCHUSDT,1576404000000,208.52,208.88,207.02,207.31,3804.77172,1576407599999,790794.1872991,1270
BCHUSDT,1576407600000,207.3,207.78,207.02,207.71,742.42448,1576411199999,153995.8556338,578
BCHUSDT,1576411200000,207.84,208.64,206.47,206.97,2498.31109,1576414799999,518468.9906439,1589
BCHUSDT,1576414800000,206.95,207.44,206.45,206.56,980.10688,1576418399999,202850.2149597,581
BCHUSDT,1576418400000,206.51,207.41,206.49,207.4,1063.58683,1576421999999,220309.5308098,490
BCHUSDT,1576422000000,207.35,211.72,206.9,207.36,4274.38701,1576425599999,888900.4543932,1607
BCHUSDT,1576425600000,207.46,207.71,206.26,206.6,1121.29366,1576429199999,231858.4747539,791
BCHUSDT,1576429200000,206.67,207.56,206.52,206.85,805.34957,1576432799999,166639.2657422,390
BCHUSDT,1576432800000,206.86,207.24,206.73,207.19,214.58817,1576436399999,44430.7992851,271
BCHUSDT,1576436400000,207.18,207.31,206.78,207.06,353.81456,1576439999999,73247.619379,218
BCHUSDT,1576440000000,207.06,207.39,206.51,207.16,431.15187,1576443599999,89238.374567,385
BCHUSDT,1576443600000,207.32,207.42,206.9,207.26,493.41148,1576447199999,102235.7088462,280
BCHUSDT,1576447200000,207.27,207.46,206.78,207.11,274.99785,1576450799999,56970.7361359,251
BCHUSDT,1576450800000,207.16,207.41,206.57,206.88,245.47693,1576454399999,50828.8183353,261
BCHUSDT,1576454400000,206.87,207.35,206.12,206.56,708.6516,1576457999999,146459.7739248,609
BCHUSDT,1576458000000,206.51,207.21,206.51,206.74,380.42664,1576461599999,78698.3476838,482
BCHUSDT,1576461600000,206.76,207.02,206.37,206.75,839.96556,1576465199999,173718.2153436,511
BCHUSDT,1576465200000,206.7,206.81,205.85,206.1,940.72881,1576468799999,193887.5504946,445
BCHUSDT,1576468800000,206.1,206.17,203.7,204.78,4316.06947,1576472399999,884043.0344796,2314
BCHUSDT,1576472400000,204.79,205.42,204.5,204.81,753.09681,1576475999999,154300.5583493,645
BCHUSDT,1576476000000,204.86,205.8,204.45,205.44,1189.47613,1576479599999,244072.5376003,736
BCHUSDT,1576479600000,205.43,206.2,204.69,205.32,1191.10223,1576483199999,244568.4299116,637
BCHUSDT,1576483200000,205.32,205.74,204.6,205.36,790.65678,1576486799999,162328.9263135,615
BCHUSDT,1576486800000,205.35,205.88,204.85,204.89,858.06838,1576490399999,176183.0626123,669
BCHUSDT,1576490400000,204.95,206.13,204.89,205.32,1301.63158,1576493999999,267284.550545,713
BCHUSDT,1576494000000,205.33,208.67,204.93,206.8,5051.45916,1576497599999,1042897.437118,1996
BCHUSDT,1576497600000,206.87,207.3,205.71,206.64,1432.05792,1576501199999,295771.9403626,980
BCHUSDT,1576501200000,206.6,207.32,206.25,207.17,1318.68823,1576504799999,272774.6511492,646
BCHUSDT,1576504800000,207.17,207.55,205.89,206.35,921.6323,1576508399999,190453.9715159,611
BCHUSDT,1576508400000,206.37,206.6,205.57,206.12,3943.03725,1576511999999,812250.4271962,1367
BCHUSDT,1576512000000,206.08,206.58,205.91,206.35,605.15128,1576515599999,124798.8100876,437
BCHUSDT,1576515600000,206.34,206.34,205.69,206.03,277.76403,1576519199999,57209.0074644,268
BCHUSDT,1576519200000,206.04,206.1,193.85,197.45,29853.66621,1576522799999,5916617.595119,12597
BCHUSDT,1576522800000,197.33,197.33,194.3,195.44,7545.505,1576526399999,1473711.6423453,3924
BCHUSDT,1576526400000,195.3,196.0,193.95,195.0,5755.8197,1576529999999,1121980.131935,2747
BCHUSDT,1576530000000,194.95,197.73,194.95,196.6,8476.41395,1576533599999,1668838.1134293,4349
BCHUSDT,1576533600000,196.59,197.28,195.92,196.27,1927.37132,1576537199999,378369.3196703,1093
BCHUSDT,1576537200000,196.27,196.69,195.21,196.27,2027.17857,1576540799999,397621.2460057,822
BCHUSDT,1576540800000,196.26,196.96,196.12,196.76,1431.96873,1576544399999,281359.881967,687
BCHUSDT,1576544400000,196.77,196.86,195.96,196.11,903.16976,1576547999999,177527.3311764,414
BCHUSDT,1576548000000,196.12,196.58,195.82,195.87,761.00582,1576551599999,149244.9838034,464
BCHUSDT,1576551600000,195.89,196.29,194.6,195.49,2391.19393,1576555199999,467340.7158426,1061
BCHUSDT,1576555200000,195.46,195.5,194.48,195.18,1259.62882,1576558799999,245648.3427308,675
BCHUSDT,1576558800000,195.17,195.74,195.05,195.05,805.32201,1576562399999,157352.6133433,427
BCHUSDT,1576562400000,195.12,195.5,194.83,195.08,948.81652,1576565999999,185121.5853244,435
BCHUSDT,1576566000000,195.03,195.18,194.0,194.49,1920.7611,1576569599999,373814.6380709,679
BCHUSDT,1576569600000,194.52,195.0,192.93,194.08,2955.64497,1576573199999,573081.8915272,1280
BCHUSDT,1576573200000,194.09,194.73,193.85,194.26,985.10408,1576576799999,191344.9537714,580
BCHUSDT,1576576800000,194.26,195.52,194.26,195.07,1823.21576,1576580399999,355216.4982493,624
BCHUSDT,1576580400000,194.91,195.89,194.08,195.83,2915.6936,1576583999999,568089.9210207,1141
BCHUSDT,1576584000000,195.84,195.9,193.43,193.66,3380.53773,1576587599999,658037.6301033,1152
BCHUSDT,1576587600000,193.72,194.11,186.93,189.52,18212.06445,1576591199999,3450832.4963504,7422
BCHUSDT,1576591200000,189.5,189.6,186.1,188.4,7405.2957,1576594799999,1392111.5469314,3477
BCHUSDT,1576594800000,188.45,188.81,184.75,185.65,5647.46037,1576598399999,1053918.4287805,2622
BCHUSDT,1576598400000,185.56,187.17,182.92,186.24,10996.39746,1576601999999,2036692.1073319,5010
BCHUSDT,1576602000000,186.19,186.54,184.43,185.24,2984.20387,1576605599999,553347.3469057,1268
BCHUSDT,1576605600000,185.28,185.73,183.62,184.27,1546.6099,1576609199999,285843.4263412,710
BCHUSDT,1576609200000,184.22,184.22,172.1,175.13,36744.45867,1576612799999,6497743.7373229,16685
BCHUSDT,1576612800000,175.2,176.32,174.0,175.17,9873.44867,1576616399999,1731046.1386019,5201
BCHUSDT,1576616400000,175.16,177.13,174.99,176.8,2218.43337,1576619999999,390282.7756774,1093
BCHUSDT,1576620000000,176.87,177.92,175.23,175.41,3247.45779,1576623599999,573920.8788119,1420
BCHUSDT,1576623600000,175.5,176.94,174.27,176.45,5667.69456,1576627199999,996434.4715503,2464
BCHUSDT,1576627200000,176.45,180.34,175.66,180.28,3812.1864,1576630799999,678827.0718264,1408
BCHUSDT,1576630800000,180.09,180.71,178.86,179.23,5402.31142,1576634399999,970914.3701355,1927
BCHUSDT,1576634400000,179.24,181.9,178.93,180.44,3452.09256,1576637999999,622743.6914024,1275
BCHUSDT,1576638000000,180.46,181.06,179.11,179.78,2421.18851,1576641599999,436086.7276444,867
BCHUSDT,1576641600000,179.61,180.0,177.65,178.75,3273.45307,1576645199999,585425.5699311,1166
BCHUSDT,1576645200000,178.89,179.08,177.0,177.48,2837.4283,1576648799999,505089.2788537,1128
BCHUSDT,1576648800000,177.73,178.18,174.42,175.1,7316.39741,1576652399999,1286904.5810337,2385
BCHUSDT,1576652400000,175.17,175.91,173.87,175.35,5386.58131,1576655999999,941981.1991764,2089
BCHUSDT,1576656000000,175.51,176.81,175.24,175.78,1451.93181,1576659599999,255760.8182894,703
BCHUSDT,1576659600000,175.7,177.4,175.64,176.73,636.21671,1576663199999,112414.8353738,377
BCHUSDT,1576663200000,176.7,177.61,176.23,177.16,1845.57724,1576666799999,326625.3531411,733
BCHUSDT,1576666800000,177.1,177.23,174.27,174.54,3675.85608,1576670399999,644741.0797765,1663
BCHUSDT,1576670400000,174.54,175.5,170.8,173.25,8956.62875,1576673999999,1550018.082571,4980
BCHUSDT,1576674000000,173.2,177.92,169.66,177.29,21675.68173,1576677599999,3767163.1241441,11664
BCHUSDT,1576677600000,177.28,180.77,176.56,177.8,11492.98936,1576681199999,2044703.2674736,7266
BCHUSDT,1576681200000,177.9,184.03,177.9,182.35,18342.61075,1576684799999,3321928.7171747,10058
BCHUSDT,1576684800000,182.38,183.88,179.68,182.12,10918.24096,1576688399999,1986080.44759,5698
BCHUSDT,1576688400000,182.05,182.61,179.81,179.96,2551.9796,1576691999999,462186.1441297,1858
BCHUSDT,1576692000000,179.94,180.43,179.49,180.43,1129.88964,1576695599999,203306.6172406,871
BCHUSDT,1576695600000,180.49,182.45,180.21,182.41,2732.80417,1576699199999,495678.4186435,2127
BCHUSDT,1576699200000,182.36,191.19,181.85,186.58,14462.49256,1576702799999,2697368.9710864,9405
BCHUSDT,1576702800000,186.52,189.69,186.18,187.5,3461.27312,1576706399999,649829.5763726,2352
BCHUSDT,1576706400000,187.52,191.75,187.42,191.24,3432.22683,1576709999999,651192.6166082,2172
BCHUSDT,1576710000000,191.44,191.73,187.36,189.0,4164.98001,1576713599999,789434.6110916,2276
BCHUSDT,1576713600000,188.9,191.0,188.37,188.57,4321.7761,1576717199999,820242.2545591,2161
BCHUSDT,1576717200000,188.48,188.55,186.14,187.67,3878.90945,1576720799999,725694.0096917,2071
BCHUSDT,1576720800000,187.59,187.67,186.14,186.91,839.64838,1576724399999,156933.2579556,680
BCHUSDT,1576724400000,187.01,187.94,186.58,187.32,622.26865,1576727999999,116543.2155823,522
BCHUSDT,1576728000000,187.38,187.43,184.72,185.19,2960.71528,1576731599999,550081.6988844,1135
BCHUSDT,1576731600000,185.17,186.38,183.66,185.57,2772.7042,1576735199999,512265.5817116,1347
BCHUSDT,1576735200000,185.53,185.59,184.21,184.29,3014.618,1576738799999,557509.938349,934
BCHUSDT,1576738800000,184.28,185.33,183.76,183.88,1014.97181,1576742399999,187409.3454613,648
BCHUSDT,1576742400000,183.89,184.8,183.6,184.11,1105.16964,1576745999999,203578.3492339,530
BCHUSDT,1576746000000,184.06,186.36,183.49,185.48,2359.64169,1576749599999,436503.1082097,1513
BCHUSDT,1576749600000,185.48,187.72,185.48,186.66,1781.30701,1576753199999,332988.4546251,1101
BCHUSDT,1576753200000,186.69,187.2,185.37,186.46,749.90804,1576756799999,139773.0185365,797
BCHUSDT,1576756800000,186.47,187.52,185.95,186.87,1135.07062,1576760399999,212055.8573815,799
BCHUSDT,1576760400000,186.82,188.14,184.73,185.48,4634.46334,1576763999999,863176.968179,2464
BCHUSDT,1576764000000,185.5,186.3,184.78,186.12,2936.37197,1576767599999,545104.9702921,1772
BCHUSDT,1576767600000,186.19,187.23,185.61,186.84,3761.58288,1576771199999,700958.8507816,2271
BCHUSDT,1576771200000,186.81,189.89,186.12,188.26,6286.04122,1576774799999,1184467.2939634,2945
BCHUSDT,1576774800000,188.17,188.18,186.8,186.96,2144.93372,1576778399999,402099.925606,1490
BCHUSDT,1576778400000,186.98,188.72,186.84,187.98,1482.14006,1576781999999,278542.8861278,855
BCHUSDT,1576782000000,187.99,188.49,187.1,188.35,1502.41197,1576785599999,281971.9273742,848
BCHUSDT,1576785600000,188.35,188.39,187.04,187.55,1168.17491,1576789199999,219206.0074608,657
BCHUSDT,1576789200000,187.56,188.16,187.02,187.02,859.33674,1576792799999,161309.2247877,619
BCHUSDT,1576792800000,187.05,187.16,185.95,186.68,1979.57699,1576796399999,368868.3022413,1287
BCHUSDT,1576796400000,186.72,187.33,185.79,185.96,1025.4608,1576799999999,191241.578963,662
BCHUSDT,1576800000000,186.07,186.28,183.82,184.55,3154.29166,1576803599999,582933.5493937,1749
BCHUSDT,1576803600000,184.57,184.96,184.02,184.39,3092.5341,1576807199999,570577.3800378,1199
BCHUSDT,1576807200000,184.44,185.56,184.44,185.23,892.16164,1576810799999,165211.6080513,532
BCHUSDT,1576810800000,185.27,186.62,185.09,186.45,1188.38891,1576814399999,221117.1654721,935
BCHUSDT,1576814400000,186.43,186.84,185.37,185.67,745.90999,1576817999999,138750.1642355,783
BCHUSDT,1576818000000,185.68,185.92,184.38,184.69,929.48836,1576821599999,172206.588136,785
BCHUSDT,1576821600000,184.59,185.81,184.45,185.54,950.56108,1576825199999,176049.310321,624
BCHUSDT,1576825200000,185.5,188.44,185.5,188.34,2662.56804,1576828799999,498779.3207008,1790
BCHUSDT,1576828800000,188.3,188.35,186.45,187.39,2288.80523,1576832399999,428856.3815739,1833
BCHUSDT,1576832400000,187.51,188.26,186.83,187.1,1422.22519,1576835999999,266887.4291115,808
BCHUSDT,1576836000000,187.13,187.98,187.07,187.35,1177.50435,1576839599999,220587.285722,795
BCHUSDT,1576839600000,187.35,188.75,187.32,188.48,1704.34851,1576843199999,320518.6813708,1059
BCHUSDT,1576843200000,188.52,189.76,188.23,188.99,3599.55884,1576846799999,681328.0984586,3767
BCHUSDT,1576846800000,188.92,189.13,187.71,188.94,1549.72672,1576850399999,291945.4550346,818
BCHUSDT,1576850400000,189.0,190.7,187.74,189.8,2412.61882,1576853999999,457015.8079972,1214
BCHUSDT,1576854000000,189.85,190.72,185.84,186.62,6056.29966,1576857599999,1136613.1764737,4764
BCHUSDT,1576857600000,186.74,187.3,186.0,187.3,1833.77039,1576861199999,342248.2493875,1790
BCHUSDT,1576861200000,187.23,188.98,187.11,188.16,1548.44196,1576864799999,291285.8648668,1838
BCHUSDT,1576864800000,188.14,188.61,187.43,187.83,1647.14861,1576868399999,309476.5804785,1017
BCHUSDT,1576868400000,187.86,188.45,187.37,187.68,1110.78239,1576871999999,208531.4583226,774
BCHUSDT,1576872000000,187.68,188.43,187.42,187.86,898.96733,1576875599999,168985.0615692,683
BCHUSDT,1576875600000,187.9,187.9,187.22,187.55,258.46213,1576879199999,48474.4614215,275
BCHUSDT,1576879200000,187.56,187.78,187.2,187.27,958.89005,1576882799999,179735.6352659,600
BCHUSDT,1576882800000,187.25,187.7,186.5,187.44,1153.29793,1576886399999,215949.3323104,787
BCHUSDT,1576886400000,187.39,187.5,186.33,186.55,1102.80044,1576889999999,206044.6777856,618
BCHUSDT,1576890000000,186.49,186.49,185.51,185.87,839.88214,1576893599999,156175.4580928,855
BCHUSDT,1576893600000,185.87,187.19,185.76,187.07,1122.42866,1576897199999,209405.3912841,540
BCHUSDT,1576897200000,187.08,187.68,186.94,187.26,847.017,1576900799999,158549.8920966,654
BCHUSDT,1576900800000,187.33,187.81,187.0,187.09,621.06705,1576904399999,116328.3975767,434
BCHUSDT,1576904400000,187.0,187.68,186.6,187.68,576.79933,1576907999999,108010.1960489,550
BCHUSDT,1576908000000,187.6,187.7,186.8,187.03,588.591,1576911599999,110180.5699434,413
BCHUSDT,1576911600000,186.94,187.14,186.63,186.79,655.87692,1576915199999,122537.6777104,589
BCHUSDT,1576915200000,186.82,186.82,186.06,186.4,1970.0975,1576918799999,367340.2031711,1141
BCHUSDT,1576918800000,186.44,186.73,185.89,186.09,799.58326,1576922399999,149019.266936,723
BCHUSDT,1576922400000,186.09,187.01,186.09,186.94,402.81854,1576925999999,75181.7793696,500
BCHUSDT,1576926000000,186.92,188.43,186.53,187.83,1161.39496,1576929599999,217806.2977859,773
BCHUSDT,1576929600000,187.82,187.93,186.88,187.43,431.53073,1576933199999,80883.4767607,497
BCHUSDT,1576933200000,187.44,187.45,186.04,186.26,742.80389,1576936799999,138474.9834544,740
BCHUSDT,1576936800000,186.37,187.21,185.33,186.04,2174.5791,1576940399999,404668.67885,1310
BCHUSDT,1576940400000,185.98,186.82,185.66,186.77,510.5575,1576943999999,95042.2545499,427
BCHUSDT,1576944000000,186.76,187.13,186.41,186.77,670.93674,1576947599999,125262.8520887,611
BCHUSDT,1576947600000,186.78,187.3,185.79,186.23,1249.16388,1576951199999,233290.5868106,721
BCHUSDT,1576951200000,186.21,186.44,185.79,186.2,346.32248,1576954799999,64469.6901816,304
BCHUSDT,1576954800000,186.1,186.51,185.79,186.25,315.33738,1576958399999,58711.8032282,306
BCHUSDT,1576958400000,186.25,186.53,186.03,186.53,231.99465,1576961999999,43215.8114011,296
BCHUSDT,1576962000000,186.6,187.23,186.13,186.6,508.69696,1576965599999,94964.3701506,550
BCHUSDT,1576965600000,186.63,186.72,186.17,186.38,462.58123,1576969199999,86258.2537201,294
BCHUSDT,1576969200000,186.37,186.58,185.44,186.21,1155.61147,1576972799999,214997.4089013,769
BCHUSDT,1576972800000,186.21,186.26,185.73,185.95,214.61865,1576976399999,39916.1273169,214
BCHUSDT,1576976400000,186.0,186.9,186.0,186.9,715.10963,1576979999999,133193.2048672,528
BCHUSDT,1576980000000,186.91,187.19,186.4,186.9,751.54458,1576983599999,140327.7481348,1122
BCHUSDT,1576983600000,186.93,187.08,186.46,186.89,727.59552,1576987199999,135906.5799442,1063
BCHUSDT,1576987200000,186.89,187.62,186.78,187.01,1306.00294,1576990799999,244552.3371607,1325
BCHUSDT,1576990800000,187.11,187.35,186.68,187.04,520.87587,1576994399999,97417.5998173,605
BCHUSDT,1576994400000,187.04,187.09,186.32,186.92,1024.83384,1576997999999,191335.0523176,423
BCHUSDT,1576998000000,187.0,189.67,186.75,189.48,4340.30198,1577001599999,818513.9766544,2030
BCHUSDT,1577001600000,189.46,191.55,187.7,187.89,3526.45458,1577005199999,667358.7420944,1848
BCHUSDT,1577005200000,187.89,188.79,187.82,188.06,944.65865,1577008799999,177855.795544,671
BCHUSDT,1577008800000,188.03,189.48,188.01,189.26,1554.49456,1577012399999,293405.0547201,850
BCHUSDT,1577012400000,189.27,189.27,186.03,186.96,2448.86198,1577015999999,459746.1331704,1194
BCHUSDT,1577016000000,186.94,187.92,186.83,187.6,1291.07276,1577019599999,241905.3982714,751
BCHUSDT,1577019600000,187.6,188.52,187.28,187.57,1268.37746,1577023199999,238236.3695857,1230
BCHUSDT,1577023200000,187.54,188.05,187.06,187.54,1166.57096,1577026799999,218760.0347964,748
BCHUSDT,1577026800000,187.49,189.06,187.26,188.38,2176.8709,1577030399999,409965.0908033,1524
BCHUSDT,1577030400000,188.5,189.61,187.82,188.79,3742.5639,1577033999999,706935.215952,1929
BCHUSDT,1577034000000,188.75,192.78,188.42,191.16,7594.87391,1577037599999,1450841.1520029,3398
BCHUSDT,1577037600000,191.33,193.01,190.6,192.22,4714.67658,1577041199999,903733.9556749,2549
BCHUSDT,1577041200000,192.2,195.0,192.16,194.28,4645.49268,1577044799999,900986.56433,3044
BCHUSDT,1577044800000,194.28,197.29,194.2,197.15,3585.03746,1577048399999,701911.3658167,1892
BCHUSDT,1577048400000,197.13,197.4,195.5,196.28,2771.2508,1577051999999,544468.9753024,1663
BCHUSDT,1577052000000,196.21,197.02,195.58,196.58,1220.29591,1577055599999,239612.2315377,896
BCHUSDT,1577055600000,196.51,196.66,195.1,196.27,2383.96195,1577059199999,467251.740926,1679
BCHUSDT,1577059200000,196.28,198.0,196.14,196.78,5442.28994,1577062799999,1072635.9634751,3179
BCHUSDT,1577062800000,196.67,197.12,195.69,196.86,2378.22125,1577066399999,467435.9462707,1469
BCHUSDT,1577066400000,196.89,197.24,196.11,196.43,1603.43099,1577069999999,315447.1496452,1204
BCHUSDT,1577070000000,196.44,197.08,196.37,196.71,880.1329,1577073599999,173168.9698099,628
BCHUSDT,1577073600000,196.81,196.95,195.31,195.72,1470.72948,1577077199999,288145.5406224,1627
BCHUSDT,1577077200000,195.69,195.94,194.84,195.26,1181.04589,1577080799999,230794.4809231,852
BCHUSDT,1577080800000,195.32,195.46,193.89,194.39,3633.13855,1577084399999,707751.55949,2513
BCHUSDT,1577084400000,194.4,195.37,194.12,194.77,1646.11435,1577087999999,320761.0556236,1595
BCHUSDT,1577088000000,194.77,195.2,194.41,194.52,3126.20559,1577091599999,608569.3590127,2036
BCHUSDT,1577091600000,194.48,195.66,194.31,195.56,2226.34234,1577095199999,433392.9593583,1408
BCHUSDT,1577095200000,195.64,195.97,195.14,195.55,1475.5783,1577098799999,288451.7103715,728
BCHUSDT,1577098800000,195.55,196.96,195.4,196.38,2377.98622,1577102399999,466714.2705023,1683
BCHUSDT,1577102400000,196.36,196.7,195.59,195.83,1034.45808,1577105999999,202831.7447086,793
BCHUSDT,1577106000000,195.85,196.55,195.15,195.16,1506.59141,1577109599999,295197.6650891,765
BCHUSDT,1577109600000,195.19,196.95,194.54,196.49,1339.32883,1577113199999,261996.0442655,865
BCHUSDT,1577113200000,196.58,196.87,195.5,196.61,1290.81947,1577116799999,253233.5795169,748
BCHUSDT,1577116800000,196.59,198.0,193.71,194.38,7493.09782,1577120399999,1471699.4846349,3927
BCHUSDT,1577120400000,194.28,194.92,190.0,191.24,6713.43659,1577123999999,1288777.3416477,3159
BCHUSDT,1577124000000,191.21,192.19,190.51,191.25,2648.99284,1577127599999,507424.7584625,985
BCHUSDT,1577127600000,191.22,192.44,191.0,192.31,687.82711,1577131199999,132032.044016,426
BCHUSDT,1577131200000,192.28,192.67,191.65,192.3,345.33735,1577134799999,66337.4649215,207
BCHUSDT,1577134800000,192.12,192.13,190.38,191.64,2293.7672,1577138399999,438463.2439711,1033
BCHUSDT,1577138400000,191.47,191.64,188.2,189.22,3528.40305,1577141999999,669653.6296904,1537
BCHUSDT,1577142000000,189.19,190.2,189.02,189.61,823.27665,1577145599999,156015.3119049,543
BCHUSDT,1577145600000,189.66,190.39,189.45,189.86,795.33473,1577149199999,151053.4597732,475
BCHUSDT,1577149200000,189.86,190.21,189.25,189.79,756.64637,1577152799999,143464.179455,645
BCHUSDT,1577152800000,189.87,190.05,189.28,189.57,466.10369,1577156399999,88434.4648407,547
BCHUSDT,1577156400000,189.58,189.9,189.04,189.2,1148.70161,1577159999999,217560.5675747,886
BCHUSDT,1577160000000,189.29,190.14,188.84,189.71,1381.58734,1577163599999,262079.8824529,1155
BCHUSDT,1577163600000,189.67,191.68,189.66,191.19,3132.93895,1577167199999,597174.6805864,2491
BCHUSDT,1577167200000,191.22,191.66,190.33,190.66,1236.78745,1577170799999,236305.0873427,1243
BCHUSDT,1577170800000,190.72,190.85,189.07,189.76,1040.80127,1577174399999,197589.1756841,902
BCHUSDT,1577174400000,189.85,191.28,188.97,190.58,3908.98984,1577177999999,742761.7627663,1997
BCHUSDT,1577178000000,190.68,191.24,189.72,190.23,3485.61782,1577181599999,663566.1773959,1447
BCHUSDT,1577181600000,190.24,190.97,189.89,190.82,1243.87257,1577185199999,236968.9437178,721
BCHUSDT,1577185200000,190.87,190.91,190.13,190.59,705.40118,1577188799999,134409.8454677,593
BCHUSDT,1577188800000,190.64,190.77,189.43,189.74,978.65849,1577192399999,185815.6861773,960
BCHUSDT,1577192400000,189.73,190.99,189.55,190.18,1575.68415,1577195999999,299436.1853135,968
BCHUSDT,1577196000000,190.2,191.17,189.1,189.45,4139.95029,1577199599999,786798.1554841,2067
BCHUSDT,1577199600000,189.48,189.57,186.0,187.23,6654.73819,1577203199999,1246560.9657682,3101
BCHUSDT,1577203200000,187.22,189.55,185.0,188.88,5091.96269,1577206799999,952043.4723595,3522
BCHUSDT,1577206800000,188.92,189.43,186.14,186.8,1710.05375,1577210399999,320587.6890413,1032
BCHUSDT,1577210400000,186.77,187.49,185.29,186.58,2171.84122,1577213999999,404780.7874926,1618
BCHUSDT,1577214000000,186.58,189.02,186.2,188.64,3486.55102,1577217599999,654812.6990574,2373
BCHUSDT,1577217600000,188.77,189.29,187.61,188.33,1122.01163,1577221199999,211504.5610678,748
BCHUSDT,1577221200000,188.39,190.08,187.77,189.52,2856.41505,1577224799999,539933.6734979,1129
BCHUSDT,1577224800000,189.58,189.83,188.65,189.01,731.47377,1577228399999,138451.9197997,588
BCHUSDT,1577228400000,189.05,189.24,187.01,188.3,943.36869,1577231999999,177141.4401529,718
BCHUSDT,1577232000000,188.31,188.78,187.82,187.82,593.30101,1577235599999,111727.1577438,560
BCHUSDT,1577235600000,187.81,187.87,187.09,187.53,787.38948,1577239199999,147647.1969023,592
BCHUSDT,1577239200000,187.48,187.91,187.19,187.53,383.88961,1577242799999,72002.5790209,350
BCHUSDT,1577242800000,187.58,187.97,186.79,187.66,1316.02624,1577246399999,246501.022984,503
BCHUSDT,1577246400000,187.71,188.34,187.3,187.99,561.21682,1577249999999,105447.0712013,368
BCHUSDT,1577250000000,188.02,188.47,187.41,187.53,377.28937,1577253599999,71015.0169836,364
BCHUSDT,1577253600000,187.44,187.51,186.07,186.29,1544.81435,1577257199999,288666.9455351,910
BCHUSDT,1577257200000,186.25,188.29,185.93,187.61,1882.40108,1577260799999,351679.9779753,1287
BCHUSDT,1577260800000,187.54,187.97,186.92,187.38,492.57188,1577264399999,92312.470601,724
BCHUSDT,1577264400000,187.29,187.79,185.5,186.75,2051.35709,1577267999999,382593.9483112,1772
BCHUSDT,1577268000000,186.81,187.01,185.71,186.32,908.58808,1577271599999,169214.3439111,531
BCHUSDT,1577271600000,186.23,186.68,185.72,185.86,602.22643,1577275199999,112045.9572634,402
BCHUSDT,1577275200000,185.86,187.71,183.43,186.83,7023.23056,1577278799999,1301757.6264454,3073
BCHUSDT,1577278800000,186.87,186.87,184.58,185.34,2202.62876,1577282399999,408549.7190913,1260
BCHUSDT,1577282400000,185.3,185.89,184.55,184.93,1640.43465,1577285999999,303722.6713255,969
BCHUSDT,1577286000000,184.95,185.74,184.51,185.11,1015.75569,1577289599999,187987.5231467,723
BCHUSDT,1577289600000,185.07,185.8,182.69,184.12,3824.84425,1577293199999,703544.7227664,2289
BCHUSDT,1577293200000,184.04,184.49,183.31,183.85,1001.36971,1577296799999,184149.2707101,562
BCHUSDT,1577296800000,183.87,184.41,183.34,184.01,168.27152,1577300399999,30947.6841407,272
BCHUSDT,1577300400000,184.03,186.2,183.94,186.03,1383.15064,1577303999999,256383.9654456,906
BCHUSDT,1577304000000,186.05,187.17,185.78,186.13,1175.12158,1577307599999,218945.8266469,805
BCHUSDT,1577307600000,186.11,186.34,185.52,186.07,304.69693,1577311199999,56691.296383,343
BCHUSDT,1577311200000,186.05,186.46,185.45,186.0,266.55189,1577314799999,49541.819535,333
BCHUSDT,1577314800000,186.02,186.02,184.97,185.34,217.46355,1577318399999,40305.685022,348
BCHUSDT,1577318400000,185.34,185.76,184.95,185.1,451.7723,1577321999999,83779.5326036,356
BCHUSDT,1577322000000,185.0,185.37,184.73,185.27,184.11399,1577325599999,34063.2674808,263
BCHUSDT,1577325600000,185.28,185.93,185.23,185.67,292.92286,1577329199999,54345.5694169,403
BCHUSDT,1577329200000,185.68,185.78,184.36,184.39,486.20723,1577332799999,90016.7354104,539
BCHUSDT,1577332800000,184.47,184.85,184.15,184.21,430.06843,1577336399999,79323.5737178,588
BCHUSDT,1577336400000,184.19,184.79,184.01,184.23,310.86939,1577339999999,57354.7502833,296
BCHUSDT,1577340000000,184.36,185.43,184.21,185.2,749.01596,1577343599999,138512.7485787,421
BCHUSDT,1577343600000,185.2,185.38,184.77,184.85,503.5595,1577347199999,93178.0653942,280
BCHUSDT,1577347200000,184.91,186.6,184.89,185.89,2937.81391,1577350799999,546470.5579943,2019
BCHUSDT,1577350800000,185.86,186.26,185.01,185.11,1715.35802,1577354399999,318576.0700985,1323
BCHUSDT,1577354400000,185.13,185.25,184.69,185.02,593.97258,1577357999999,109873.1767947,589
BCHUSDT,1577358000000,184.99,185.25,184.54,185.13,937.42764,1577361599999,173328.4316771,486
BCHUSDT,1577361600000,185.16,186.14,184.92,185.92,340.30439,1577365199999,63200.4980266,461
BCHUSDT,1577365200000,185.87,186.48,185.53,186.0,378.43634,1577368799999,70396.175179,498
BCHUSDT,1577368800000,185.98,186.49,185.98,186.2,347.36211,1577372399999,64694.9533851,499
BCHUSDT,1577372400000,186.28,187.86,186.03,187.45,1598.68276,1577375999999,299029.2937463,2362
BCHUSDT,1577376000000,187.47,193.87,186.5,192.78,11270.83615,1577379599999,2150673.989838,6033
BCHUSDT,1577379600000,192.78,193.56,191.57,192.28,3526.81726,1577383199999,678742.4811027,2950
BCHUSDT,1577383200000,192.3,192.9,191.92,192.62,1215.3525,1577386799999,233911.4415186,846
BCHUSDT,1577386800000,192.69,194.99,190.1,190.82,6978.79328,1577390399999,1341910.1930032,3785
BCHUSDT,1577390400000,190.76,191.68,189.44,190.13,2580.98806,1577393999999,491121.0393692,1865
BCHUSDT,1577394000000,190.08,190.08,187.22,187.64,3951.91642,1577397599999,745547.0415343,1725
BCHUSDT,1577397600000,187.42,187.86,185.49,187.58,5246.01166,1577401199999,980040.5762036,2589
BCHUSDT,1577401200000,187.59,187.9,186.88,187.79,983.70695,1577404799999,184339.5974609,917
BCHUSDT,1577404800000,187.7,187.96,186.83,187.43,1099.68998,1577408399999,206083.7608601,729
BCHUSDT,1577408400000,187.45,187.95,187.06,187.95,977.73446,1577411999999,183306.4559587,788
BCHUSDT,1577412000000,187.94,191.04,187.94,190.63,3696.89667,1577415599999,703170.7481115,2301
BCHUSDT,1577415600000,190.63,192.68,190.31,191.64,3895.66398,1577419199999,747125.4388884,2445
BCHUSDT,1577419200000,191.62,192.78,188.13,188.7,4354.60856,1577422799999,829660.2128445,2990
BCHUSDT,1577422800000,188.71,189.76,187.66,189.09,3370.17818,1577426399999,636454.3890154,2254
BCHUSDT,1577426400000,189.11,189.43,188.04,188.89,1083.15128,1577429999999,204348.0523312,1130
BCHUSDT,1577430000000,188.95,192.9,188.67,192.45,8768.6837,1577433599999,1674746.7671429,6508
BCHUSDT,1577433600000,192.34,192.79,191.3,191.63,4845.07168,1577437199999,930215.6184111,2947
BCHUSDT,1577437200000,191.61,192.08,190.12,190.56,2803.76313,1577440799999,536972.2946551,2025
BCHUSDT,1577440800000,190.56,192.25,189.92,191.79,3625.28421,1577444399999,693592.4458729,2721
BCHUSDT,1577444400000,191.76,191.97,188.1,190.01,4383.32622,1577447999999,833327.0353554,3036
BCHUSDT,1577448000000,189.94,191.87,188.64,191.74,5041.58267,1577451599999,958772.6707296,3043
BCHUSDT,1577451600000,191.69,192.14,191.07,191.69,3423.32939,1577455199999,656281.1186415,2367
BCHUSDT,1577455200000,191.71,193.03,191.64,192.76,2770.17595,1577458799999,533065.2292687,1677
BCHUSDT,1577458800000,192.71,198.98,192.24,197.99,11796.38445,1577462399999,2316277.8354465,5532
BCHUSDT,1577462400000,198.02,203.92,196.63,200.08,33272.30327,1577465999999,6696150.3764393,13962
BCHUSDT,1577466000000,200.07,201.91,200.06,201.44,5165.16249,1577469599999,1037976.8090361,3134
BCHUSDT,1577469600000,201.52,202.59,199.29,200.15,4910.73752,1577473199999,989697.1155233,2820
BCHUSDT,1577473200000,200.1,202.19,199.98,201.0,3375.57081,1577476799999,679085.2902824,1900
BCHUSDT,1577476800000,201.08,202.91,201.08,202.34,2089.3651,1577480399999,422629.8759678,1467
BCHUSDT,1577480400000,202.38,202.7,200.28,200.79,2653.51604,1577483999999,533617.0331942,1429
BCHUSDT,1577484000000,200.81,202.34,200.81,201.85,1260.91652,1577487599999,254225.6416524,1207
BCHUSDT,1577487600000,202.05,203.35,201.25,203.21,2317.54092,1577491199999,469383.7389661,1516
BCHUSDT,1577491200000,203.33,210.0,202.53,207.96,13648.38449,1577494799999,2825140.947897,6733
BCHUSDT,1577494800000,207.94,209.03,207.21,207.96,4295.67953,1577498399999,894056.5527532,2833
BCHUSDT,1577498400000,207.96,208.72,205.24,206.45,4464.57818,1577501999999,922906.2500718,2717
BCHUSDT,1577502000000,206.37,207.06,205.73,206.13,1538.53092,1577505599999,317370.8745296,1027
BCHUSDT,1577505600000,206.09,207.61,205.2,207.01,2611.05315,1577509199999,539117.3154018,1454
BCHUSDT,1577509200000,207.02,208.7,206.41,207.82,3398.28977,1577512799999,705184.3480493,2484
BCHUSDT,1577512800000,207.89,209.19,205.73,205.96,5338.02942,1577516399999,1108098.7753153,2813
BCHUSDT,1577516400000,206.04,206.17,204.57,205.45,4871.53028,1577519999999,999034.4882546,4821
BCHUSDT,1577520000000,205.45,206.37,204.14,205.68,5110.4362,1577523599999,1049221.6863143,2434
BCHUSDT,1577523600000,205.67,207.77,205.27,207.29,2442.51277,1577527199999,505185.9934512,1470
BCHUSDT,1577527200000,207.2,208.04,206.34,207.61,1336.32796,1577530799999,276824.2638538,936
BCHUSDT,1577530800000,207.68,207.69,205.54,206.07,1749.63797,1577534399999,360784.066732,1388
BCHUSDT,1577534400000,206.07,207.34,205.65,206.64,1341.2697,1577537999999,277213.431904,1169
BCHUSDT,1577538000000,206.5,206.65,205.07,205.92,1174.42819,1577541599999,241466.5943345,741
BCHUSDT,1577541600000,205.92,207.64,205.84,207.64,4476.667,1577545199999,924804.9052052,2832
BCHUSDT,1577545200000,207.74,209.34,203.81,204.97,9391.72888,1577548799999,1934838.7716327,5921
BCHUSDT,1577548800000,204.98,209.58,204.07,208.56,5209.41185,1577552399999,1080330.9639163,3528
BCHUSDT,1577552400000,208.56,208.6,207.1,207.74,1482.36227,1577555999999,308436.3175627,1142
BCHUSDT,1577556000000,207.81,209.29,207.57,208.58,1708.41615,1577559599999,355955.6126042,1643
BCHUSDT,1577559600000,208.41,208.65,207.46,208.28,960.18033,1577563199999,199805.1226243,1136
BCHUSDT,1577563200000,208.28,208.38,207.32,207.59,899.42763,1577566799999,186953.6947571,905
BCHUSDT,1577566800000,207.64,208.17,207.31,207.87,959.9922,1577570399999,199455.6568622,792
BCHUSDT,1577570400000,207.93,208.27,207.5,207.66,1256.49467,1577573999999,261044.3700485,809
BCHUSDT,1577574000000,207.66,207.83,205.24,206.27,1927.8397,1577577599999,398335.2454619,1266
BCHUSDT,1577577600000,206.26,206.73,204.83,206.15,2778.92596,1577581199999,571069.400103,1738
BCHUSDT,1577581200000,206.14,206.24,204.39,205.07,3801.17183,1577584799999,779661.0685968,1906
BCHUSDT,1577584800000,205.07,206.37,205.04,206.11,1565.24668,1577588399999,322125.7608198,752
BCHUSDT,1577588400000,206.14,206.7,205.81,206.24,1110.30962,1577591999999,228815.5934378,545
BCHUSDT,1577592000000,206.24,206.32,205.12,205.16,1444.72982,1577595599999,297202.379874,885
BCHUSDT,1577595600000,205.17,205.99,204.34,205.86,1485.42926,1577599199999,304410.5746828,1616
BCHUSDT,1577599200000,205.82,206.52,205.36,206.27,1791.11783,1577602799999,368712.1041294,1066
BCHUSDT,1577602800000,206.3,206.5,205.79,206.07,857.52499,1577606399999,176746.2015048,903
BCHUSDT,1577606400000,206.12,207.74,206.07,207.52,2310.36517,1577609999999,478449.5459959,1687
BCHUSDT,1577610000000,207.59,207.62,205.54,205.75,3476.10642,1577613599999,716345.8310765,3288
BCHUSDT,1577613600000,205.86,206.47,205.24,205.59,2507.21783,1577617199999,515499.0655876,1760
BCHUSDT,1577617200000,205.59,208.98,205.32,208.63,6610.57324,1577620799999,1368026.0154474,5139
BCHUSDT,1577620800000,208.64,214.24,207.81,212.6,13183.93864,1577624399999,2784756.23325,6549
BCHUSDT,1577624400000,212.66,213.79,210.84,213.3,5812.60054,1577627999999,1235645.4178991,3079
BCHUSDT,1577628000000,213.27,214.08,212.5,212.54,3083.67733,1577631599999,657106.1592155,2157
BCHUSDT,1577631600000,212.57,214.86,211.37,212.71,4551.71544,1577635199999,969656.4227804,3021
BCHUSDT,1577635200000,212.71,215.94,212.17,212.84,7498.34399,1577638799999,1605225.2776428,4270
BCHUSDT,1577638800000,212.93,213.98,211.98,213.63,2129.24832,1577642399999,453107.8814255,2430
BCHUSDT,1577642400000,213.64,214.1,212.54,213.64,1752.58906,1577645999999,373926.6035546,1589
BCHUSDT,1577646000000,213.69,215.19,212.82,214.84,2950.23527,1577649599999,632006.6557126,1951
BCHUSDT,1577649600000,214.9,215.79,211.56,212.9,6265.32512,1577653199999,1338848.3420829,4898
BCHUSDT,1577653200000,212.91,213.48,211.62,212.83,1710.59233,1577656799999,363787.5683938,1788
BCHUSDT,1577656800000,212.85,214.05,212.46,213.09,1220.87192,1577660399999,260203.89771,909
BCHUSDT,1577660400000,212.99,213.82,212.25,212.34,865.61557,1577663999999,184428.5506796,847
BCHUSDT,1577664000000,212.29,212.29,210.28,211.32,4602.50588,1577667599999,972585.7955506,2092
BCHUSDT,1577667600000,211.2,212.13,210.79,211.83,1360.36357,1577671199999,287731.1421407,1321
BCHUSDT,1577671200000,211.84,212.66,211.48,212.46,839.72397,1577674799999,178065.7756133,784
BCHUSDT,1577674800000,212.41,212.46,211.33,211.39,686.05322,1577678399999,145282.8516823,844
BCHUSDT,1577678400000,211.46,213.89,211.17,213.19,2360.69412,1577681999999,502220.7008943,1927
BCHUSDT,1577682000000,213.19,213.85,212.7,213.35,1627.20945,1577685599999,346969.0773025,1389
BCHUSDT,1577685600000,213.39,213.98,212.72,213.54,1693.59447,1577689199999,361429.2408965,1310
BCHUSDT,1577689200000,213.58,215.0,213.29,214.32,4160.98234,1577692799999,891507.0369999,2936
BCHUSDT,1577692800000,214.32,214.32,212.06,213.11,3762.41526,1577696399999,802132.207957,3385
BCHUSDT,1577696400000,213.12,213.64,211.5,211.5,2017.39947,1577699999999,428982.6947594,1958
BCHUSDT,1577700000000,211.52,212.6,210.23,211.11,5121.66257,1577703599999,1082616.7733759,3363
BCHUSDT,1577703600000,211.02,212.18,210.61,211.87,2255.00851,1577707199999,476801.9745504,1617
BCHUSDT,1577707200000,211.8,213.45,210.42,210.63,3349.67992,1577710799999,710223.3480014,1589
BCHUSDT,1577710800000,210.6,210.88,208.66,209.61,11848.97094,1577714399999,2486926.9201214,4876
BCHUSDT,1577714400000,209.59,210.44,208.48,209.05,5318.70953,1577717999999,1114402.1589643,2980
BCHUSDT,1577718000000,209.04,209.19,206.5,207.29,7175.28414,1577721599999,1489309.003678,3737
BCHUSDT,1577721600000,207.3,208.21,205.65,207.75,5085.67096,1577725199999,1051764.0052716,2864
BCHUSDT,1577725200000,207.72,208.49,206.73,208.1,1785.17809,1577728799999,370853.974843,1204
BCHUSDT,1577728800000,208.18,209.08,206.95,208.85,1919.40636,1577732399999,399124.5976422,1038
BCHUSDT,1577732400000,208.69,209.61,208.18,208.32,858.79265,1577735999999,179362.4679796,700
BCHUSDT,1577736000000,208.31,209.98,207.21,207.53,3198.50264,1577739599999,668429.9338047,1889
BCHUSDT,1577739600000,207.56,208.31,206.93,207.85,2055.54948,1577743199999,426696.2473427,1479
BCHUSDT,1577743200000,207.91,210.61,207.91,210.3,1834.45181,1577746799999,384576.174863,1325
BCHUSDT,1577746800000,210.11,210.53,208.0,208.62,1303.20226,1577750399999,272759.390668,854
BCHUSDT,1577750400000,208.61,210.19,207.2,210.07,3830.08935,1577753999999,800337.4312137,2284
BCHUSDT,1577754000000,210.15,211.17,209.57,210.42,2163.48849,1577757599999,455229.510519,1474
BCHUSDT,1577757600000,210.41,210.77,209.11,209.76,2703.84017,1577761199999,567577.0170266,1735
BCHUSDT,1577761200000,209.77,210.02,208.31,208.91,1579.2694,1577764799999,329963.3928535,1066
BCHUSDT,1577764800000,208.87,210.68,208.7,209.68,3530.88964,1577768399999,741734.185828,3571
BCHUSDT,1577768400000,209.67,210.76,209.66,210.55,1913.99584,1577771999999,402565.5151489,1341
BCHUSDT,1577772000000,210.56,210.76,209.4,209.71,2122.82627,1577775599999,445983.4697501,1118
BCHUSDT,1577775600000,209.7,210.08,207.98,208.9,3771.80196,1577779199999,787536.7888893,3301
BCHUSDT,1577779200000,208.83,208.98,207.27,207.55,2847.0467,1577782799999,591845.6111122,1460
BCHUSDT,1577782800000,207.63,208.78,206.69,208.01,1487.44219,1577786399999,309409.5028037,1380
BCHUSDT,1577786400000,208.01,209.5,207.07,208.34,2995.41095,1577789999999,623829.4389576,1734
BCHUSDT,1577790000000,208.46,209.28,207.91,208.16,752.8386,1577793599999,157010.9783927,635
BCHUSDT,1577793600000,208.09,208.71,207.1,208.64,1728.26583,1577797199999,359326.0806313,1098
BCHUSDT,1577797200000,208.58,209.05,208.27,208.47,591.13745,1577800799999,123344.9199654,680
BCHUSDT,1577800800000,208.45,214.11,208.2,211.16,12338.64965,1577804399999,2614952.352072,6351
BCHUSDT,1577804400000,210.93,211.2,205.3,206.52,23319.17234,1577807999999,4836076.0466679,12316
BCHUSDT,1577808000000,206.47,207.88,206.09,206.67,2237.43503,1577811599999,463739.4277102,1621
BCHUSDT,1577811600000,206.71,207.13,203.79,204.07,7855.84689,1577815199999,1609495.273779,4135
BCHUSDT,1577815200000,204.05,204.83,202.48,203.06,4902.79181,1577818799999,997718.3607615,2549
BCHUSDT,1577818800000,203.12,203.7,202.39,203.29,1256.22334,1577822399999,255042.814342,1204
BCHUSDT,1577822400000,203.33,203.62,201.73,203.0,1733.95204,1577825999999,351177.9217152,1299
BCHUSDT,1577826000000,202.85,204.17,202.69,204.0,574.56605,1577829599999,116962.1423294,633
BCHUSDT,1577829600000,204.0,205.2,203.85,204.72,1917.11529,1577833199999,391854.7641649,976
BCHUSDT,1577833200000,204.54,205.21,203.85,204.52,1166.33724,1577836799999,238471.2510062,911
